{
  "rho": 0.13872947404455407,
  "p_value": 4.453677135062286e-07,
  "n_obs": 1314,
  "q1_mean": 0.0025037924354480265,
  "q5_mean": 0.0052752496064661,
  "t_stat": -1.7016180723689192,
  "t_p": 0.08942568038109973
}