time_frac,avg_improvement
0.1,-0.00422
0.2,-0.00489
0.3,-0.00436
0.4,-0.00427
0.5,-0.00463
0.6,-0.00424
0.7,-0.00441
0.8,-0.00338
